{
  "IcoMoonType": "selection",
  "icons": [
    {
      "icon": {
        "paths": [
          "M0 153.6h1024v102.4h-1024v-102.4zM0 460.8h1024v102.4h-1024v-102.4zM0 768h1024v102.4h-1024v-102.4z"
        ],
        "attrs": [],
        "isMulticolor": false,
        "isMulticolor2": false,
        "tags": [
          "menu"
        ],
        "grid": 20
      },
      "attrs": [],
      "properties": {
        "id": 176,
        "order": 10,
        "prevSize": 20,
        "code": 59648,
        "name": "menu"
      },
      "setIdx": 0,
      "setId": 2,
      "iconIdx": 175
    },
    {
      "icon": {
        "paths": [
          "M832 192v-128h-640v128h-192v128c0 106.038 85.958 192 192 192 20.076 0 39.43-3.086 57.62-8.802 46.174 66.008 116.608 113.796 198.38 130.396v198.406h-64c-70.694 0-128 57.306-128 128h512c0-70.694-57.306-128-128-128h-64v-198.406c81.772-16.6 152.206-64.386 198.38-130.396 18.19 5.716 37.544 8.802 57.62 8.802 106.042 0 192-85.962 192-192v-128h-192zM192 436c-63.962 0-116-52.038-116-116v-64h116v64c0 40.186 7.43 78.632 20.954 114.068-6.802 1.246-13.798 1.932-20.954 1.932zM948 320c0 63.962-52.038 116-116 116-7.156 0-14.152-0.686-20.954-1.932 13.524-35.436 20.954-73.882 20.954-114.068v-64h116v64z"
        ],
        "tags": [
          "trophy",
          "cup",
          "prize",
          "award",
          "winner",
          "tournament"
        ],
        "defaultCode": 59806,
        "grid": 16,
        "attrs": []
      },
      "attrs": [],
      "properties": {
        "ligatures": "trophy, cup",
        "name": "trophy",
        "order": 4,
        "id": 159,
        "prevSize": 32,
        "code": 59806
      },
      "setIdx": 1,
      "setId": 1,
      "iconIdx": 158
    },
    {
      "icon": {
        "paths": [
          "M1011.328 134.496c-110.752-83.928-281.184-134.034-455.91-134.034-216.12 0-392.226 75.456-483.16 207.020-42.708 61.79-66.33 134.958-70.208 217.474-3.454 73.474 8.884 154.726 36.684 242.146 94.874-284.384 359.82-507.102 665.266-507.102 0 0-285.826 75.232-465.524 308.192-0.112 0.138-2.494 3.090-6.614 8.698-36.080 48.278-67.538 103.162-91.078 165.328-39.87 94.83-76.784 224.948-76.784 381.782h128c0 0-19.43-122.222 14.36-262.79 55.89 7.556 105.858 11.306 150.852 11.306 117.678 0 201.37-25.46 263.388-80.124 55.568-48.978 86.198-114.786 118.624-184.456 49.524-106.408 105.654-227.010 268.654-320.152 9.33-5.332 15.362-14.992 16.056-25.716s-4.040-21.080-12.606-27.572z"
        ],
        "tags": [
          "leaf",
          "nature",
          "plant",
          "tea",
          "green",
          "vegan",
          "vegetarian"
        ],
        "defaultCode": 59812,
        "grid": 16,
        "attrs": []
      },
      "attrs": [],
      "properties": {
        "ligatures": "leaf, nature",
        "name": "leaf",
        "order": 2,
        "id": 165,
        "prevSize": 32,
        "code": 59812
      },
      "setIdx": 1,
      "setId": 1,
      "iconIdx": 164
    },
    {
      "icon": {
        "paths": [
          "M704 64l-320 320h-192l-192 256c0 0 203.416-56.652 322.066-30.084l-322.066 414.084 421.902-328.144c58.838 134.654-37.902 328.144-37.902 328.144l256-192v-192l320-320 64-320-320 64z"
        ],
        "tags": [
          "rocket",
          "jet",
          "speed",
          "spaceship",
          "fast"
        ],
        "defaultCode": 59813,
        "grid": 16,
        "attrs": []
      },
      "attrs": [],
      "properties": {
        "ligatures": "rocket, jet",
        "name": "rocket",
        "order": 3,
        "id": 166,
        "prevSize": 32,
        "code": 59813
      },
      "setIdx": 1,
      "setId": 1,
      "iconIdx": 165
    },
    {
      "icon": {
        "paths": [
          "M960 256h-256v-64c0-35.2-28.8-64-64-64h-256c-35.204 0-64 28.8-64 64v64h-256c-35.2 0-64 28.8-64 64v576c0 35.202 28.796 64 64 64h896c35.2 0 64-28.798 64-64v-576c0-35.2-28.8-64-64-64zM384 192.116c0.034-0.040 0.074-0.082 0.114-0.116h255.772c0.042 0.034 0.082 0.076 0.118 0.116v63.884h-256.004v-63.884zM960 512h-128v96c0 17.602-14.4 32-32 32h-64c-17.604 0-32-14.398-32-32v-96h-384v96c0 17.602-14.4 32-32 32h-64c-17.602 0-32-14.398-32-32v-96h-128v-64h896v64z"
        ],
        "tags": [
          "briefcase",
          "portfolio",
          "suitcase",
          "work",
          "job",
          "employee"
        ],
        "defaultCode": 59822,
        "grid": 16,
        "attrs": []
      },
      "attrs": [],
      "properties": {
        "ligatures": "briefcase, portfolio",
        "name": "briefcase",
        "order": 5,
        "id": 175,
        "prevSize": 32,
        "code": 59822
      },
      "setIdx": 1,
      "setId": 1,
      "iconIdx": 174
    },
    {
      "icon": {
        "paths": [
          "M608 192h160v-192h-160c-123.514 0-224 100.486-224 224v96h-128v192h128v512h192v-512h160l32-192h-192v-96c0-17.346 14.654-32 32-32z"
        ],
        "tags": [
          "facebook",
          "brand",
          "social"
        ],
        "defaultCode": 60048,
        "grid": 16,
        "attrs": []
      },
      "attrs": [],
      "properties": {
        "ligatures": "facebook, brand10",
        "name": "facebook",
        "order": 7,
        "id": 401,
        "prevSize": 32,
        "code": 60048
      },
      "setIdx": 1,
      "setId": 1,
      "iconIdx": 400
    },
    {
      "icon": {
        "paths": [
          "M1024 226.4c-37.6 16.8-78.2 28-120.6 33 43.4-26 76.6-67.2 92.4-116.2-40.6 24-85.6 41.6-133.4 51-38.4-40.8-93-66.2-153.4-66.2-116 0-210 94-210 210 0 16.4 1.8 32.4 5.4 47.8-174.6-8.8-329.4-92.4-433-219.6-18 31-28.4 67.2-28.4 105.6 0 72.8 37 137.2 93.4 174.8-34.4-1-66.8-10.6-95.2-26.2 0 0.8 0 1.8 0 2.6 0 101.8 72.4 186.8 168.6 206-17.6 4.8-36.2 7.4-55.4 7.4-13.6 0-26.6-1.4-39.6-3.8 26.8 83.4 104.4 144.2 196.2 146-72 56.4-162.4 90-261 90-17 0-33.6-1-50.2-3 93.2 59.8 203.6 94.4 322.2 94.4 386.4 0 597.8-320.2 597.8-597.8 0-9.2-0.2-18.2-0.6-27.2 41-29.4 76.6-66.4 104.8-108.6z"
        ],
        "tags": [
          "twitter",
          "brand",
          "tweet",
          "social"
        ],
        "defaultCode": 60054,
        "grid": 16,
        "attrs": []
      },
      "attrs": [],
      "properties": {
        "ligatures": "twitter, brand16",
        "name": "twitter",
        "order": 8,
        "id": 407,
        "prevSize": 32,
        "code": 60054
      },
      "setIdx": 1,
      "setId": 1,
      "iconIdx": 406
    },
    {
      "icon": {
        "paths": [
          "M1023.6 274c-4.6 99.6-74.2 236.2-208.8 409.4-139.2 180.8-257 271.4-353.4 271.4-59.6 0-110.2-55-151.4-165.2-27.6-101-55-202-82.6-303-30.6-110.2-63.4-165.2-98.6-165.2-7.6 0-34.4 16.2-80.4 48.2l-48.2-62c50.6-44.4 100.4-88.8 149.4-133.2 67.4-58.2 118-88.8 151.8-92 79.6-7.6 128.8 46.8 147.2 163.4 19.8 125.8 33.6 204 41.4 234.6 23 104.4 48.2 156.6 75.8 156.6 21.4 0 53.6-33.8 96.6-101.6 42.8-67.6 65.8-119.2 69-154.6 6.2-58.4-16.8-87.8-69-87.8-24.6 0-49.8 5.6-75.8 16.8 50.4-164.8 146.4-244.8 288.4-240.2 105 2.8 154.6 71 148.6 204.4z"
        ],
        "tags": [
          "vimeo",
          "brand",
          "social"
        ],
        "defaultCode": 60064,
        "grid": 16,
        "attrs": []
      },
      "attrs": [],
      "properties": {
        "ligatures": "vimeo, brand24",
        "name": "vimeo",
        "order": 6,
        "id": 417,
        "prevSize": 32,
        "code": 60064
      },
      "setIdx": 1,
      "setId": 1,
      "iconIdx": 416
    },
    {
      "icon": {
        "paths": [
          "M576.032 448l-0.002 234.184c0 59.418-0.77 93.656 5.53 110.5 6.25 16.754 21.918 34.146 38.99 44.202 22.684 13.588 48.542 20.376 77.708 20.376 51.854 0 82.478-6.848 133.742-40.54v153.944c-43.7 20.552-81.866 32.594-117.324 40.922-35.5 8.242-73.86 12.406-115.064 12.406-46.828 0-74.456-5.886-110.41-17.656-35.958-11.868-66.66-28.806-92.020-50.54-25.45-21.922-43.022-45.208-52.848-69.832-9.826-24.636-14.716-60.414-14.716-107.244v-359.1h-137.426v-145.006c40.208-13.042 85.164-31.788 113.78-56.152 28.754-24.45 51.766-53.706 69.106-87.944 17.392-34.146 29.348-77.712 35.872-130.516h165.084l-0.002 255.996h255.968v192h-255.968z"
        ],
        "tags": [
          "tumblr",
          "brand",
          "social"
        ],
        "defaultCode": 60089,
        "grid": 16,
        "attrs": []
      },
      "attrs": [],
      "properties": {
        "ligatures": "tumblr, brand49",
        "name": "tumblr",
        "order": 9,
        "id": 442,
        "prevSize": 32,
        "code": 60089
      },
      "setIdx": 1,
      "setId": 1,
      "iconIdx": 441
    }
  ],
  "height": 1024,
  "metadata": {
    "name": "icomoon"
  },
  "preferences": {
    "showGlyphs": true,
    "showQuickUse": true,
    "showQuickUse2": true,
    "showSVGs": true,
    "fontPref": {
      "prefix": "icon-",
      "metadata": {
        "fontFamily": "icomoon"
      },
      "metrics": {
        "emSize": 1024,
        "baseline": 6.25,
        "whitespace": 50
      },
      "embed": false
    },
    "imagePref": {
      "prefix": "icon-",
      "png": true,
      "useClassSelector": true,
      "color": 0,
      "bgColor": 16777215,
      "classSelector": ".icon"
    },
    "historySize": 50,
    "showCodes": true,
    "gridSize": 16
  }
}